## Stellar spectra for Roman Slitless Spectroscopy Data Challenge 2: Group 04, Star ID 02
## ========================================================================
## Spectra generated from interpolating the grid of PHOENIX spectral
## library using pysynphot. The astrophysical parameters are taken randomly
## from the Gaia Data Release 3 golden sample of astrophysical parameters
## (Creevey et al. 2023). The tables are joined with the distance catalogue
## of Bailer-Jones et al. 2021. Only sources fainter than G = 17
## are taken, and only sources in the following table is taken:
## gold_sample_oba_stars, gold_sample_fgkm_stars.
## ========================================================================
## GDR3_ID = 2932955380287043456 / GDR3 identifier
## INDEX   = 123008 / index in the gdr3_gold_sample.pkl file
## LOG_T   = 3.954281807 / log10 effective temperature in K
## LOG_L   = 0.855186045 / log10 luminosity in solar luminosity
## R       = 1.096332073 / stellar radius in solar radius
## MH      = -1.181699991 / metallicity
## DIST    = 5954.836914062 / photogeometric distance in pc
## G_MAG   = 17.089004517 / G-band magnitude
## G_FLUX  = 2.750075141e+03 / G-band mean flux in counts/s
## A_0     = 1.038400054 / Monochromatic absorption A0
## flux_photlam is the PHOENIX luminosity normalized by the measured G-band
## flux after the flux is convolved with the bandpass. Extinction is applied
## beforehand using the inferred A_0 and the Fitzpatrick (1999) extinction curve.
wavelength,flux_photlam
7007.528213054415,0.0011793901304773629
7014.882550598011,0.00117917771025701
7016.998501671193,0.0011792235302535987
7026.481588861705,0.0011777067472728761
7034.289598398672,0.0011778689319200649
7035.9774919225065,0.00117782093037694
7045.486228173554,0.0011758298717886627
7053.750336835152,0.0011740980255522423
7055.007814958191,0.0011738970764147197
7064.542269643199,0.0011723810460625241
7073.264914445473,0.0011709946934008503
7074.08960961885,0.0011708228662321654
7083.649852298891,0.0011701057673484594
7092.833480178576,0.00116859181575894
7093.223015120633,0.0011685461146855969
7102.80911554492,0.0011670143186967023
7112.408171056225,0.001165467454194824
7112.456183395498,0.0011654681543063785
7122.020199162619,0.001165187306599544
7131.645217395866,0.0011632112937273837
7132.133173870484,0.0011631118763136743
7141.283243311393,0.001161233435693584
7150.93429448838,0.0011592387418596162
7151.8646017921355,0.001159208144126064
7160.598388529745,0.0011593471097875445
7170.275543062192,0.0011578170915444894
7171.650617764562,0.0011576018953299292
7179.965775736271,0.0011558989822108227
7189.669104226357,0.001153119751061643
7191.491372808527,0.0011530385582161592
7199.385546230737,0.001153076253719319
7209.115119471592,0.0011474088880204711
7211.387018362597,0.0011482251208763522
7218.857841695077,0.001150553858651921
7228.613730671304,0.0011485537439129977
7231.337706284306,0.0011479938173553266
7238.382804194432,0.0011468879980190783
7248.165080082631,0.0011470277618253577
7251.343588851309,0.0011465352937167507
7257.9605761781895,0.0011451935569191654
7267.769310347472,0.0011431925795652405
7271.404818762549,0.001142425484341715
7277.591300481024,0.0011411235731156174
7287.426564493534,0.0011398365345625847
7291.521549139403,0.0011394290834244511
7297.275120323936,0.0011391324967773276
7307.136985935381,0.0011376004775851373
7311.6939335268835,0.0011368937074426556
7317.012179315298,0.001136066189298074
7326.900718475449,0.0011345402701284557
7331.922125894788,0.00113459098440582
7336.802621451904,0.0011344166854620735
7346.717906305143,0.001132421236154417
7352.20628063888,0.0011313159018964496
7356.646591120017,0.0011304236356384488
7366.588694005854,0.0011284384600293018
7372.546552582066,0.001128218507982036
7376.544233096423,0.0011282563142432994
7386.51322655003,0.0011267147341977107
7392.9430969755795,0.0011257211879631037
7396.495692549491,0.0011250109570427641
7406.491649302224,0.001123014520192908
7413.396069500164,0.0011216426408876773
7416.501115040233,0.001121168412895691
7426.52410802016,0.001119827286098813
7433.905626267262,0.0011197405691507714
7436.560646523343,0.0011195893337613257
7446.610748855796,0.0011176020423849056
7454.471923820208,0.0011160385080920465
7456.674433348303,0.0011156049778536748
7466.75171835639,0.001113624335215677
7475.095119135428,0.0011133146442918959
7476.842622260419,0.0011133245406550543
7486.947163465566,0.0011117684569410906
7495.7753696236105,0.0010966551498752825
7497.065360401905,0.001094388026518758
7507.197231524391,0.0011081697659498162
7516.51283313095,0.0011070087556876937
7517.342795312949,0.0011069428379546344
7527.502070272457,0.0011062663222075476
7537.307667940324,0.0011047790873782843
7537.6750749327975,0.001104707058241614
7547.861827848923,0.0011027199610351573
7558.062347600828,0.0011007197877790952
7558.160032772509,0.001100708083378995
7568.276652793647,0.0010999473537948528
7578.504762057632,0.0010992232912134076
7579.070086787391,0.0010991378540289025
7588.74669404824,0.0010972535353764368
7599.002467446108,0.0010952564584762422
7600.037989585179,0.0010950550995381062
7609.272100957153,0.0010932627615268162
7619.555613312539,0.0010928559181086787
7621.063901207625,0.0010925630231526917
7629.853023268775,0.001091240944106938
7640.1643496076895,0.0010896901111060806
7642.147982139246,0.001089392510934522
7650.4896111365215,0.0010877806619656646
7660.828826687898,0.0010857821528525247
7663.290393308547,0.0010855267697838145
7671.182015119929,0.0010847316962326599
7681.549195316184,0.0010834109437613802
7684.491296089258,0.0010828513769755353
7691.930386185755,0.0010817265782837896
7702.325606663311,0.0010801555332794542
7705.750852301536,0.0010796423475324913
7712.73487570908,0.0010783146409018617
7723.158212308944,0.001077880232741167
7727.069224213243,0.0010771312491724288
7733.595635474412,0.0010757544146633249
7744.047164242717,0.0010735562112287047
7748.446574541159,0.0010726300986252713
7754.512817676791,0.0010718501290981977
7764.992614865356,0.0010705153638703939
7769.883066452227,0.0010706089038636944
7775.486574922903,0.0010703731489909388
7785.994716989784,0.0010683799210670039
7791.378863564799,0.001067359383563651
7796.517060232198,0.0010664055723747542
7807.053623842243,0.0010644508828513025
7812.934129949888,0.0010633663876639511
7817.604427037979,0.0010626618447620772
7828.169489063406,0.0010625951720378952
7834.549030132418,0.0010616269454299596
7838.748829188564,0.0010608428499735687
7849.342466709501,0.0010588673768879746
7856.2237290924795,0.0010575843825023406
7859.950420948379,0.0010570375233269619
7870.572711253437,0.0010554920416607908
7877.958392266588,0.0010554690454065187
7881.209356999095,0.0010553283856822263
7891.860377585925,0.001053339494240238
7899.753185548958,0.0010518655968930468
7902.525792440749,0.001051349969347916
7913.20562101662,0.0010493665932105117
7921.608275292734,0.0010478140365411223
7923.899882792881,0.0010474820999992474
7934.608597275223,0.0010434196487919087
7943.523828311309,0.0010454598216473635
7945.331783995667,0.0010458033756267516
7956.0694625126625,0.0010438204041142098
7965.500011879569,0.0010420779594018255
7966.8216524110585,0.0010418342077119585
7977.588373302204,0.0010398524332147561
7987.536993735171,0.0010380290636476267
7988.36964482392,0.0010378770847065356
7999.165486640598,0.0010359001133267503
8009.63494207983,0.0010354308635576034
8009.975918443175,0.0010354289314144754
8020.800959949228,0.0010323735730987573
8031.640630902953,0.0010323077391474718
8031.794025580598,0.0010322857037021551
8042.494951075257,0.0010303356287361118
8053.363940263737,0.0010283536110134346
8054.014413371155,0.0010282354821616567
8064.2476182927785,0.0010263821959785688
8075.146005013531,0.0010244040666664417
8076.296275053098,0.0010239621097243394
8086.059120303975,0.0010202133063702964
8096.986984068977,0.0010204596022300148
8098.639780697235,0.0010201612478639068
8107.929616240272,0.0010184888686010248
8118.887036776565,0.001016515839875494
8121.045100844895,0.001016127869951382
8129.8592656635,0.0010142169618476925
8140.846322913765,0.0010118239227669557
8143.51240650919,0.001011246186370156
8151.848228567061,0.0010097577198446863
8162.865002690201,0.0010077906528671494
8166.041869176376,0.001007224200833068
8173.89666537709,0.0010055354881748706
8184.943236748817,0.0009974908330261491
8188.633660807127,0.0009981012494897985
8196.004736953642,0.000999060187873258
8207.081186167052,0.0009948380510685286
8211.287953837855,0.0009932354400051834
8218.172604591824,0.000990623719250518
8229.27901245801,0.000986438032707869
8234.004921182024,0.0009846548420303775
8240.400430023028,0.0009814347064843222
8251.536877571645,0.0009730133080190185
8256.784736231475,0.0009684051709393062
8262.688375416074,0.0009620411027568603
8273.854943895944,0.0009459429152585642
8279.62757285775,0.0009349196631101968
8285.036603378403,0.0009299889130525017
8296.233374258098,0.000969422684629786
8302.533605413408,0.0009640963285046783
8307.445276957264,0.0009550997288292229
8318.672331925714,0.0009394463701495198
8325.503008733369,0.0009324818705018401
8329.9145596409,0.0009287043505029085
8341.171980607967,0.000921116270582484
8348.535958136252,0.0009177528789345282
8352.444615359746,0.0009165469755110914
8363.732484456843,0.0009136343643922
8371.632629425676,0.0009107152606645366
8375.03560848762,0.0009098436212781024
8386.354008068298,0.0009101447318196601
8394.793198891659,0.0009083570493016056
8397.687703842927,0.0009074577300343931
8409.036716483484,0.0009071568387967687
8418.017843311922,0.0009050735278515169
8420.401066689856,0.000904521557350336
8431.780775189935,0.000908416017300456
8441.306739953254,0.0008938456273728081
8443.175862739592,0.0008910938438360724
8454.586350122783,0.000916817571172483
8464.660066572864,0.0008842253064195246
8466.012258151519,0.0008805823999263695
8477.453607665972,0.0009120238686511075
8488.078001419728,0.0009362374389845827
8488.910419534446,0.0009373326228957217
8500.382714653459,0.0006021954635160981
8511.560723235969,0.0008873879752939194
8511.870513947786,0.0008955576079899379
8523.373838370448,0.0009437155801883128
8534.89270890282,0.0009278630760830165
8535.108411258198,0.0009260600861527203
8546.427146554597,0.0008266706211258009
8557.9771723639,0.0009150024129941696
8558.721245218901,0.0009177586522359752
8569.542807397249,0.0009634463835607883
8581.124072749668,0.0009616795734841465
8582.39940534781,0.0009550591780617816
8592.720989544656,0.0008806593580398426
8604.333578934293,0.0008111476271998312
8606.143072373246,0.0008241354365224959
8615.961862099219,0.0009309699988044128
8627.605860248697,0.000992036263763084
8629.952427523553,0.000997059086625344
8639.265594620685,0.0009866536393084203
8650.941086481802,0.0009313454607295897
8653.827652528438,0.0009040732748590187
8662.632357127442,0.0008266398013209598
8674.33942788175,0.0008494105076380649
8677.76892962038,0.0008727230904522771
8686.062320097719,0.0009481934391356145
8697.801055157166,0.0010049914919334532
8701.77644153601,0.0010153418854107292
8709.55565447084,0.001018758570417785
8721.326139478388,0.0009996656635930291
8725.850371517512,0.0009862837029687192
8733.11253164847,0.0009401617415644589
8744.91485247873,0.0008088533988946906
8749.990903314016,0.0007670745812580645
8756.73312349587,0.000758951388355364
8768.567366255702,0.0009160783717337589
8774.198221183005,0.0009575479477882899
8780.417602343145,0.000989493217531443
8792.283853372313,0.0010246338004556725
8798.472509891724,0.001035295136795645
8804.166140986505,0.0010382498025768246
8816.064486858297,0.0010343782529644396
8822.81395471859,0.0010263302655042575
8827.978912689525,0.001013206788774339
8839.909440211386,0.0009663413961397456
8847.222741454578,0.0009182911352834373
8851.85609118441,0.0008853952610960989
8863.818887398573,0.0007017147678359505
8871.699056404694,0.0007733291794867666
8875.79785067326,0.0008310020702698151
8887.793002857381,0.000941458104867588
8896.24308638935,0.0009898731276344651
8899.80436582934,0.0010022985933688421
8911.83196149714,0.001027556514256075
8920.855018745813,0.0010387369359431786
8923.87581179837,0.001040527815936484
8935.93593870026,0.0010446072957581436
8945.535041329626,0.0010441962021095572
8948.01236419976,0.0010429804441531598
8960.10511032351,0.0010324680013617815
8970.283342516046,0.0010198670650495094
8972.214199127948,0.0010157354603262576
8984.339652699295,0.0009797200515962393
8995.10011120148,0.0009311900864981302
8996.48149315365,0.0009216594986354782
9008.639742636962,0.0007932094686493434
9019.985536804925,0.0006864347141058611
9020.81442332515,0.0006849847640559664
9033.005557424067,0.0008578260429338738
9044.93980926942,0.000956244580454076
9045.213167169606,0.0009576555368001541
9057.437274827691,0.0009936816455517873
9069.677902694331,0.0010168717751197545
9069.963119063492,0.001017275624939091
9081.935073095698,0.0010258411870127688
9094.208808388097,0.0010301301293583237
9095.055657182591,0.0010304250526975338
9106.499130958087,0.001032242893525806
9118.80606322244,0.001032678892755277
9120.217615150592,0.0010325553013813009
9131.129627628265,0.001030231216118785
9143.469846652964,0.0010260926338586576
9145.449185021218,0.001025219710482467
9155.826742804358,0.0010189313002102892
9168.200338620647,0.0010111033653518403
9170.750559379523,0.0010074816564998494
9180.590656670525,0.0009891793070453136
9192.997719553165,0.0009687444235062801
9196.121931343354,0.0009591036328892787
9205.421549898272,0.0009145332855439828
9217.862170366163,0.0008263426137232812
9221.563494564833,0.0007695161088079682
9230.319603647771,0.0006629442158132974
9242.79387246468,0.0008146699224077029
9247.075443231826,0.0008409170977624663
9255.28499956918,0.0008987443733091803
9267.793007744334,0.0009506296705922692
9272.657972069434,0.0009649813552755048
9280.317919803967,0.0009780139701417367
9292.859758592762,0.000990857814385535
9298.311276341476,0.0009946254458275976
9305.418546986246,0.0009972992342616512
9317.994307890893,0.001000485733119312
9324.035551851985,0.0009981366158767
9330.5870642441,0.0009947429094365726
9343.1968390143,0.0010000197126881992
9349.83099494667,0.0010008326113064576
9355.823655200926,0.001001373868209502
9368.467535834532,0.0009995917532920637
9375.697802514467,0.0009985800384984724
9381.128503976774,0.0009976472527819461
9393.806582720465,0.0009954626845432705
9401.636171989012,0.0009941149582203014
9406.50179518966,0.000993125909062797
9419.214164539631,0.0009905347549052062
9427.646301350145,0.0009888229904582062
9431.943713956975,0.0009879291624200603
9444.690466659586,0.0009838371478218917
9453.728389125432,0.0009809447661566807
9457.454445896778,0.0009792266675516903
9470.235674949245,0.0009719186719672547
9479.882634391672,0.0009653450596317393
9483.03417712918,0.000962354414234992
9495.84997578025,0.0009474669036789912
9506.109236776427,0.000931245431575934
9508.683094277696,0.000924357224041025
9521.533556028331,0.0008758447738090826
9532.408396459534,0.0008129667162523276
9534.401384470597,0.0008030275768189045
9547.28660307464,0.0006415945560966356
9558.78031417464,0.0007506068013910715
9560.18923534229,0.0007680288833422753
9573.10930480717,0.0008551970435424788
9585.225191210744,0.0009070643269269165
9586.046835034676,0.000909320498092594
9599.001849622084,0.0009297591046413956
9611.743229413687,0.0009433144204833166
9611.974372198527,0.0009434703434251044
9624.964426425106,0.0009481110485148444
9637.972035994862,0.0009513652479465246
9638.334631187763,0.0009514466965418125
9650.997224632896,0.0009528953525493695
9664.04001609634,0.0009522571557026457
9664.999599497214,0.0009522883849322614
9677.100434174432,0.0009519647390642766
9690.178502688585,0.000948334851890489
9691.738337867797,0.0009485162866849843
9703.274245492397,0.0009498595491686262
9716.387686471693,0.0009481177361987485
9718.55105038833,0.0009478296479260718
9729.518849544567,0.0009463687488403805
9742.667758661479,0.0009441698725724788
9745.437941712258,0.0009437668038643722
9755.834437805204,0.0009419582162740633
9769.01891099098,0.0009404621492060668
9772.399217059206,0.0009399690483435787
9782.221202266455,0.0009385362502991923
9795.441335711814,0.0009375159951048606
9799.435082216554,0.0009368933327891057
9808.679335439749,0.0009354589672050419
9821.935225595576,0.0009333420335018615
9826.545743541003,0.0009326069254079238
9835.209030357204,0.0009312254353535961
9848.500773935257,0.0009291080703918397
9853.731407960158,0.0009221932369779795
9861.810480573049,0.0009115099109109674
9875.138174546653,0.0009235409888433486
9880.992282974074,0.0009226164088735369
9888.483880164986,0.0009210714517879036
9901.847621769773,0.0009160203865561875
9908.328576656893,0.0009158008762025773
9915.22942373568,0.0009158614423709605
9928.629310470265,0.0009123392776761067
9935.740497658398,0.0009111792212670996
9942.047306414122,0.0009096788576858817
9955.483436040828,0.0009051639045970886
9963.228255205611,0.0009018103069291869
9968.937723857078,0.0008985864481661003
9982.410194402646,0.0008896930483392803
9990.792059104393,0.0008817860097196135
9995.90087225051,0.0008749313047915472
10009.409782006825,0.0008553291846777098
10018.432119741032,0.0008341537653171145
10022.936948311002,0.0008156596535757929
10036.482395835772,0.0007378552730295283
10046.148648083892,0.0006270179181856676
10050.046149287218,0.0005986082983741749
10063.62823340475,0.0007213504368288451
10073.941855684963,0.000781162872552874
10077.228672961277,0.0007976301181146283
10090.847492763161,0.0008360610593797888
10101.811954681514,0.0008566833324180158
10104.484717650315,0.0008598145097136554
10118.140372496158,0.0008683884001675024
10129.759157797725,0.00087353244392294
10131.814482207783,0.0008740680758306977
10145.507071725924,0.0008763582701540941
10157.783678346228,0.0008772543143035049
10159.218166025048,0.0008772163560336088
10172.947790113301,0.0008768607530794049
10185.885730229851,0.0008739024836310371
10186.695969032697,0.0008737360990593386
10200.462727859089,0.0008751850714708745
10214.065527943183,0.0008738826723620077
10214.248091702155,0.0008738558555830978
10228.052085705574,0.0008730951343580893
10241.874735046982,0.0008710609991170757
10242.323286574221,0.0008709951426973488
10255.71606493806,0.0008693696045139379
10269.576100624503,0.0008676976502081356
10270.65922180601,0.0008675667028614814
10283.454867386183,0.0008656985912790337
10297.352390537118,0.0008636710724144113
10299.073549918303,0.000863420492604597
10311.268695425557,0.0008616499296976919
10325.203807433942,0.0008596284171320274
10327.566487789192,0.0008591338985656713
10339.15775197908,0.0008567117976731545
10353.13055451213,0.0008555973348186944
10356.138252896784,0.0008551643694462482
10367.122240518582,0.0008535882767077107
10381.132835518432,0.0008515797925921252
10384.78906332084,0.0008510542985217728
10395.162365066144,0.0008495672562765135
10409.210854750738,0.0008488125631097647
10413.519137744484,0.0008481985741884285
10423.278330195752,0.0008468112108240025
10437.364817059417,0.0008441077856468774
10442.328695455762,0.000842939913667053
10451.470341034621,0.0008407910551684637
10465.594927848992,0.0008408177626348426
10471.217956349466,0.000840025056557869
10479.738603264866,0.0008388281122610143
10493.901393079457,0.0008356153486721829
10500.187140928712,0.0008352771470664915
10508.083323124845,0.000834855837341564
10522.284419267955,0.0008328739293132262
10529.236470306652,0.0008316903173333729
10536.504707410735,0.0008304555411640541
10550.744213490116,0.0008289195519461175
10558.366166208158,0.0008278636063224967
10565.002963478102,0.0008269460532384617
10579.280983381734,0.0008249751688125009
10587.576450971515,0.000823831684601594
10593.578299243261,0.0008230078206116703
10607.894937140112,0.0008199946594443868
10616.867547550122,0.0008193861076740475
10622.230923184976,0.0008190233623135703
10636.586283525761,0.000817119916545443
10646.239679514189,0.0008158076096804122
10650.96104434579,0.0008151682830189711
10665.355231863758,0.0008132172398600402
10675.69307105244,0.0008114928710385585
10679.76887233374,0.0008108144511718303
10694.201992045346,0.000618893470235325
10705.227946973839,0.0007619296152802194
10708.654617323704,0.000806420249319881
10723.126774529532,0.0008042718882998635
10734.844532709287,0.0008027051588372535
10737.618490059112,0.0008022733588247389
10752.129790344465,0.000784557192580178
10764.543054313357,0.000795828961604129
10766.660701853307,0.000797755359351795
10781.211251089153,0.000795510868566764
10794.32373846601,0.0007924474347110683
10795.781464591264,0.0007920754964111401
10810.371368934835,0.0007895180106630115
10824.186812474334,0.0007860130488853318
10824.980990730955,0.0007857781826716499
10839.610356626697,0.0007814564774082933
10854.132504274272,0.0007760509539026414
10854.259493305082,0.00077598541705931
10868.928427485254,0.0007673218893751737
10883.61718592245,0.0007564238469207619
10884.161042432363,0.0007558255842269969
10898.325795408082,0.0007339900717689305
10913.054282769705,0.000701744613728533
10914.272656147486,0.0006971778508272023
10927.802674871196,0.0006295390292951987
10942.57099861274,0.0005043921290806757
10944.467575252616,0.0005143670814009981
10957.359280930805,0.0006351465827375233
10972.167548798328,0.0007022081470375568
10974.74603021657,0.0007105188517781011
10986.995829224683,0.0007295449421955076
11001.844149255763,0.0007450257102195523
11005.108252145768,0.0007472484390135362
11016.712535973944,0.000751265548311666
11031.601016498274,0.0007553302428878881
11035.554472786001,0.000756115939780027
11046.509617984424,0.0007570610442027328
11061.438367624789,0.000757248215575393
11066.084924524199,0.0007569630984832204
11076.387292648446,0.000756113706890829
11091.356420321335,0.0007559774675723488
11096.699840390196,0.0007555359291484909
11106.34577794625,0.0007543931159470709
11121.355392862812,0.0007526249321421453
11127.39945405852,0.0007523409902611877
11136.385292447656,0.0007520122336589516
11151.435504114395,0.0007504113318526804
11158.183999850175,0.0007496860344056382
11166.506055313714,0.0007486670047108393
11181.596973533324,0.0007468239285139979
11189.053712734418,0.0007459165071696439
11196.708286298157,0.0007449876517556974
11211.840021170316,0.0007431490745105306
11220.00882833057,0.0007421581145001022
11226.992205749177,0.0007413133532671164
11242.16486767135,0.0007394811269730279
11251.049582909802,0.0007384054382780129
11257.358034610857,0.0007376438108791738
11272.571734279127,0.0007358256196138694
11282.176213396939,0.0007346746681836493
11287.805994424962,0.0007340404784434272
11303.060842834742,0.0007323254662089591
11313.388957372297,0.0007311663587572214
11318.33630733237,0.0007306062186845402
11333.63241577938,0.0006810161069826928
11344.688053073403,0.00071430826693612
11348.949196074884,0.0007271082640913001
11364.286676155773,0.0007252322197651664
11376.073739396948,0.0007237925459392423
11379.644883996663,0.0007233458618355014
11395.023847610008,0.000721425606817183
11407.54625590052,0.000719865027119861
11410.423595046044,0.0007195383968031138
11425.844154392986,0.0007177886614963114
11439.105842804456,0.0007162927375321655
11441.28555377701,0.0007160346786192971
11456.747821362233,0.0007142020373023127
11470.752740993677,0.0007125434469611628
11472.2309853509,0.0007123732390727832
11487.735073983355,0.0007105857544143924
11502.487192019524,0.0007088990180314496
11503.26011553812,0.0007088108951327402
11518.806138331875,0.0007070362167598313
11534.309438101602,0.0007052683050765855
11534.373170719628,0.0007052610580367347
11549.96124109469,0.000703492807723502
11565.57037788877,0.0007017240134707322
11566.219722129632,0.0007016506054324193
11581.20060957192,0.00069996186541553
11596.851964652751,0.0006981994349276281
11598.218287665297,0.0006980459479095061
11612.524471678393,0.0006964411040442924
11628.218159234488,0.0006946753921997393
11630.305378944136,0.0006942600654074877
11643.93305594538,0.0006911471198677096
11659.669190474073,0.0006903052630963305
11662.481240877307,0.0006899091566850211
11675.426591522335,0.0006888624125813448
11691.205287830648,0.0006875894796292694
11694.746119053594,0.0006873047456383876
11707.005308178406,0.0006859572659635272
11722.826681383878,0.0006842206825871568
11727.100259741197,0.0006837525742010829
11738.669436304295,0.000682285692208126
11754.533601835825,0.0006802761369036024
11759.543909889628,0.0006796427165134643
11770.41920691375,0.0006786532659953533
11786.326280512461,0.0006771847266576088
11792.077317131598,0.0006766723719824068
11802.254851645435,0.0006755901333837123
11818.204949365432,0.0006738728955698287
11824.700729784907,0.0006731748578894751
11834.176602764448,0.0006721595034224172
11850.169840973818,0.0006704486892101991
11857.41439685434,0.0006622951370274999
11866.184693164181,0.0006524211393397361
11882.221188545664,0.0006669764335728504
11890.218568033568,0.0006661555940692073
11898.279356367848,0.0006653294615583446
11914.359225919869,0.0006636342415946091
11923.11349370705,0.000662710096586224
11930.460826530372,0.0006619376908458635
11946.584187567709,0.0006602457382287453
11956.099424951948,0.0006592490448998991
11962.729338439902,0.0006585245497158108
11978.896308594733,0.0006567609525012241
11989.176613540047,0.0006510950985613193
11995.085127519716,0.0006478543801028497
12011.295824742285,0.0006532970869818629
12022.345311939665,0.0006521324063524641
12027.528429829754,0.0006515515259522444
12043.782972389421,0.0006497298448222866
12055.605773317591,0.0006484066327378254
12060.059482068522,0.0006479508687192616
12076.357988554437,0.000646286487849558
12088.958251541015,0.0006450017032559604
12092.678521574662,0.0006446234568453532
12109.021110896798,0.0006429654963615891
12122.40300117946,0.0006416098779645748
12125.385786328745,0.0006413085862963054
12141.772577718666,0.0006396570445582954
12155.94027750673,0.0006382311786556008
12158.181514955086,0.0006380058893443879
12174.612627966846,0.0006363580121967728
12189.570336502862,0.0006348599386206437
12191.065946723313,0.0006347108318967104
12207.541501234326,0.0006330689276436242
12223.29343485607,0.000630869540679242
12224.03932155031,0.0006307655901516876
12240.559437762224,0.0006293261967505617
12257.101880001768,0.0006272614409839148
12257.109829964715,0.0006272603011071639
12273.666678441366,0.0006248906216533957
12290.253863294141,0.0006240144010540575
12291.019779939255,0.0006239396119897916
12306.863464814123,0.0006222694705401288
12323.495513296204,0.000620518256687896
12325.023543604239,0.000620357257275201
12340.150039076241,0.0006187830087341441
12356.827072531018,0.0006170594132419987
12359.121380500254,0.0006168221125855807
12373.52664407844,0.0006154369868183357
12390.2487841775,0.0006138314496745837
12393.313550885927,0.0006135378557096514
12406.99352332838,0.000612233208070718
12423.7608920724,0.000610635361880387
12427.600315739903,0.0006102708508543512
12440.550920992238,0.0006090449969585151
12457.363640711897,0.0006074521884681025
12461.981936762839,0.0006068352604335956
12474.199081896697,0.000605206332351448
12491.05727525347,0.0006042797394714163
12496.4586763794,0.00060377346256272
12507.938251530522,0.0006025339015116295
12524.842041517746,0.0006000714783147625
12531.03079774026,0.0005996389004907896
12541.76867604656,0.0005985831022584671
12558.718185990132,0.0005954148260171866
12565.698564724124,0.0005944675836024711
12575.690602263325,0.0005939787723400111
12592.685955822808,0.0005931459272505496
12600.462241939716,0.0005927684778766135
12609.70427766701,0.000591792312286109
12626.745598836329,0.0005899959250013502
12635.32209472783,0.000588666192522574
12643.809950413113,0.0005873534087072014
12660.897363521637,0.0005855612623236801
12670.27838916335,0.000584116553557901
12678.00786932832,0.0005827173420121078
12695.141499041667,0.0005804654653520207
12705.331392057205,0.0005781312344515792
12712.298283912396,0.0005762575161391484
12729.478255233375,0.0005724877089364055
12740.481370958543,0.0005684908077249789
12746.68144433984,0.000565397729805777
12763.907882609348,0.0005560341456817777
12775.728594156675,0.0005460101406908837
12781.157601461893,0.0005379813870201618
12798.430632359847,0.0005031424259063202
12811.073330683152,0.0004562305185397366
12815.72700680818,0.00044533872979829724
12833.046756354446,0.0004755752071685283
12846.51585031381,0.0005077270074665925
12850.389912588747,0.0005167063314364098
12867.756507143962,0.0005377702281869325
12882.056423570839,0.0005483256979633468
12885.146571695692,0.0005496142236018236
12902.560137962368,0.0005544470861638193
12917.695321724841,0.0005565484915493197
12919.997237705215,0.0005566884964962399
12937.457902728453,0.000557744836098788
12953.432816796902,0.000557972830041028
12954.942164879265,0.0005579354357102812
12972.450056047894,0.0005566846262970698
12989.269181560669,0.0005562616515984032
12989.981608167605,0.0005562436384822094
13007.536853214899,0.0005549939249829575
13025.115823209459,0.0005537441258817191
13025.20468954446,0.0005537378156622828
13042.718550214275,0.0005522730583774019
13060.345066335583,0.000550801120220711
13061.239615033246,0.000550726603317987
13077.995403723095,0.0005493340694975609
13095.669594569963,0.0005478675107660268
13097.374233070894,0.0005477266888614436
13113.367671112772,0.0005464093814058753
13131.089665631755,0.0005449470053659967
13133.608819462177,0.0005447401755423815
13148.835610450737,0.0005434937290977293
13166.605537937257,0.0005420405289763128
13169.94365077489,0.0005417684603093603
13184.399480502518,0.0005405935986225043
13202.217470601601,0.0005391430749268733
13206.379004341972,0.0005388063589143152
13220.059540733428,0.0005377023597805923
13237.92572344086,0.0005362575433795359
13242.915158263617,0.000535855796760449
13255.816051310665,0.0005348196108437713
13273.730556973727,0.0005333848373029669
13279.552391409394,0.0005329177603434671
13291.669273105003,0.0005319494855992551
13309.632232423633,0.0005305219753724378
13316.290983420387,0.0005299931465527678
13327.619467692897,0.000529096129207042
13345.631011720436,0.0005276737946489411
13353.131214711319,0.0005270827862030279
13363.66689735822,0.0005262543817322623
13381.727157502546,0.0005248371745330226
13390.07336647269,0.000524060634454489
13399.811825094243,0.0005231579217678441
13417.920933118632,0.0005220156666926332
13427.117720672937,0.0005209209758146766
13436.05451460564,0.0005197535461445998
13454.21260262975,0.0005188715170952749
13464.264560060572,0.0005177145783113655
13472.395230310225,0.0005168767936554214
13490.602430811061,0.0005152278644895141
13501.51416816635,0.0005143940404473801
13508.834237341096,0.0005138363492654907
13527.090683153972,0.0005124485182539428
13538.866829305425,0.0005115550645870068
13545.371801548352,0.0005110630099791234
13563.677625867895,0.0005074393896924472
13576.322828579527,0.0005080332172687789
13582.008189501246,0.0005083015743393719
13600.363525882254,0.0005069253021414192
13613.882451879132,0.0005059134452519847
13618.743668489924,0.0005054963581391664
13637.148650848532,0.0005039206206583365
13651.545985885652,0.0005017127993729818
13655.578506527578,0.0005011407433514487
13674.033269142014,0.0005010294282852749
13689.313718073614,0.0004999038785038478
13692.512972352193,0.0004996689292689535
13711.017649863983,0.0004983130632314923
13727.185936712862,0.0004953887967643739
13729.547335428724,0.0004949620948907272
13748.102062843449,0.000492225422249802
13765.16293087075,0.0004934343958011085
13766.68186595087,0.0004935424008258868
13785.286778639347,0.0004922001134850503
13803.244990414358,0.0004909066511276322
13803.916834843125,0.0004908532203423889
13822.572068542282,0.0004893730239037086
13841.252513762844,0.0004878929049673378
13841.432406012693,0.0004878786837228733
13859.958204576738,0.0004865082053649697
13878.689175102023,0.0004851247637326848
13879.725469138917,0.000485026951704034
13897.445459502835,0.0004834108282239035
13916.227091989515,0.00048247781940272464
13918.124472072566,0.0004823446458486409
13935.034106818544,0.0004811606325125836
13953.866538292794,0.00047931591388834907
13956.629707901786,0.00047920065802736545
13972.724420761488,0.0004785325568608541
13991.607788620186,0.00047722190536024706
13995.241470525563,0.0004768379946219926
14010.516676311017,0.00047507184936067075
14029.451118322635,0.0004735746035176033
14033.960054655972,0.0004732192627035342
14048.41114919032,0.00047223221400638016
14067.396803495949,0.00047093793428559956
14072.785755820427,0.0004705714241729446
14086.408115868217,0.0004696471759616648
14105.445120982584,0.0004683581050085127
14111.718870363931,0.0004679342729051236
14124.507853561408,0.0004670726239819174
14143.596348373885,0.0004657888813136798
14150.759695451372,0.00046530843164352257
14162.710640236282,0.00046439209916824663
14181.850764011922,0.00046292677533764517
14189.908529069673,0.00046231104069368505
14201.016754611157,0.00046157440195223487
14220.208646991601,0.00046029483525856135
14229.165670030241,0.0004593664110807431
14239.426476158087,0.00045830487198402875
14258.670277162782,0.0004571091920718209
14268.531417971131,0.0004564639825695514
14277.94008510514,0.000455759753947336
14297.23593513213,0.0004543180945962313
14308.006073359364,0.00045351483889508265
14316.5578624382,0.0004529614152481972
14335.905902265384,0.00045171216799183816
14347.58993749322,0.00045095935969384927
14355.280089903259,0.00045046564003399216
14374.680460689182,0.00044922293775926525
14387.283312504533,0.0004479954796531055
14394.107050008235,0.00044726787641195456
14413.559893293352,0.00044584971725297414
14427.086501361004,0.00043617583458284935
14433.039026025263,0.0004319744630579244
14452.54448373274,0.0004432593921426975
14466.999807868511,0.0004423520115725558
14472.076301992565,0.0004419874358600059
14491.634516429516,0.000440584075025978
14507.023536673423,0.00043946635159725946
14511.219162716601,0.0004392012784009084
14530.830276575014,0.00043736805835421853
14547.157993264964,0.00043635871091087257
14550.467893774246,0.0004361249703977889
14570.132050132048,0.0004347392131683118
14587.403483977418,0.00043352032102011924
14589.822781514658,0.00043335150789238283
14609.54012383676,0.0004313596284049633
14627.760315992651,0.00043009867602904184
14629.284113061605,0.0004300057607583986
14649.054785200953,0.0004287990697516475
14668.22879734233,0.0004270377067451089
14668.852176315328,0.0004269699183892528
14688.67632251395,0.0004254325435652511
14708.527259954872,0.00042328726278760255
14708.809236910314,0.00042325896043500104
14728.405024844926,0.0004214695285891597
14748.309653439963,0.0004198853218010081
14749.501944435002,0.00041973728351748076
14768.241182044829,0.00041709637771984904
14788.199647013345,0.00041481429209732533
14790.307230511698,0.0004144495849137781
14808.185084748558,0.00041106525490568717
14828.197531702677,0.0004072740093514765
14831.225406594991,0.0004067002900095111
14848.237024377202,0.00040578374889003543
14868.303599322875,0.000414227878223494
14872.256785001124,0.00041390107632179604
14888.397293139928,0.0004103115123638196
14908.518142478018,0.00040649072374043604
14913.401678910373,0.0004057091041772898
14928.66618403637,0.00040353985206015807
14948.841454563713,0.0004012254968790441
14954.660402369456,0.0004005859256395687
14969.043990858529,0.0003991918562832105
14989.27382976903,0.00039713100946572215
14996.033270293907,0.00039662535694483817
15009.53100819314,0.0003957310155908037
15029.815563078737,0.000393696582757991
15037.520598470495,0.00039329998173464443
15050.127531423599,0.0003926547779096807
15070.46695027554,0.00039087379849827853
15079.122703559633,0.00039029522036765596
15090.833856732348,0.0003894247662496995
15111.228287942038,0.00038812268269087586
15120.839903097785,0.0003871574694462236
15131.650281102799,0.0003862443200984899
15152.09987346312,0.0003857911173655169
15162.672515499904,0.0003852359103549695
15172.577102321737,0.0003847163830805856
15193.08200502789,0.0003823688330163295
15204.62086006185,0.0003827814004294637
15213.61461898129,0.0003830376302770292
15234.1749816321,0.00038236716042017963
15246.685256962834,0.00037993258681775913
15254.76313048119,0.0003784849860547429
15275.379103080073,0.00037813129730192145
15288.866027267857,0.0003797052077518904
15296.022937031052,0.0003803772987101468
15316.694669987142,0.00037844252680380093
15331.16349293017,0.00037394572092298395
15337.39433965235,0.00037224612093500914
15358.121983781595,0.0003732463874876017
15373.57797679372,0.000376602873866718
15378.87764018086,0.0003775799582953022
15399.661346707122,0.00037684952308206693
15416.10980259562,0.0003727794877213502
15420.473141268616,0.0003716611629420579
15441.313061824805,0.0003611175843066947
15458.759294968617,0.00036677966006306976
15462.18114638636,0.00036815916087116595
15483.077433015416,0.00037415028324811974
15501.526779443575,0.0003757517236298412
15504.001959825513,0.00037560509566583256
15524.954764981736,0.00036947287050709195
15544.412582451956,0.0003588976609725324
15545.935886700647,0.00035826846336044704
15566.945363250554,0.0003520939077617313
15587.417031328312,0.00036432303069737227
15587.98323295145,0.00036467775398765214
15609.049534175148,0.0003707851381393519
15630.144305345222,0.0003734229077068427
15630.540454312782,0.00037340135767763435
15651.26758493727,0.0003691544576535114
15672.419411478884,0.00036061198736537614
15673.7831805536,0.00035958913371589903
15693.599823549635,0.00034436409849941863
15714.80885978132,0.000340227196347301
15717.145540109606,0.0003414573429054547
15736.046558857919,0.0003565289235917953
15757.31295951572,0.0003655165826833414
15760.627863952768,0.000366431083108659
15778.608100543268,0.000368770184585654
15799.93202078162,0.00036833058791030604
15804.230483970732,0.00036791851220904277
15821.284759124297,0.00036409955278795533
15842.66635451741,0.0003557698272595675
15847.95373296924,0.0003522798916988333
15864.076845959613,0.0003398731627056745
15885.516272502357,0.0003083628930188095
15891.797944674847,0.00031466808081412323
15906.984673249868,0.0003371563146128937
15928.482087359127,0.0003527295259516409
15935.763453737354,0.00035600133212012675
15950.008554040123,0.0003595771740399468
15971.564112555812,0.0003623951044755061
15979.850595732387,0.0003629356640597142
15993.148802222206,0.0003627990462231842
16014.762662408484,0.00036119141661926173
16024.05970716396,0.0003600091208836277
16036.40573253693,0.0003572914542225257
16058.078052083209,0.00034998000066196734
16068.391125467044,0.0003447894589577741
16079.779660576329,0.000335583555078795
16101.510597598626,0.00030804470872401507
16112.84518901014,0.0003011774976672069
16123.270902786024,0.0003032472431692805
16145.060615828015,0.0003310226459828824
16157.422237097868,0.00034034478692278916
16166.87977646763,0.0003446766134619869
16188.728424501707,0.00034998933486165944
16202.122609973545,0.00035200791887560955
16210.60659978084,0.0003526524850196166
16232.514342209472,0.0003532894899152676
16246.946648821828,0.0003530332171590231
16254.451691746011,0.000352640548870594
16276.418688402771,0.00035149018095502455
16291.89469577118,0.00035031957261366203
16298.415372246232,0.00034953500144765785
16320.441783397027,0.000345474839515189
16336.967093896676,0.0003419366920240945
16342.49796202991,0.00034004453020941566
16364.583948374026,0.0003297265699407629
16382.1641872225,0.00031662552698018455
16386.699782712854,0.0003135011271730509
16408.845505384357,0.0002773082263701661
16427.48632072459,0.0002978823780812855
16431.021156780895,0.000303164553234558
16453.226777349533,0.0003220824905757331
16472.933840333284,0.00033158318533131143
16475.46240759195,0.00033231342198700067
16497.72808806461,0.00033672111824856323
16518.507092935954,0.00033888123249037084
16520.02385937867,0.0003389656049029856
16542.349762200283,0.00033904609144017224
16564.206426379653,0.0003388039966613014
16564.70583725056,0.00033878913915137666
16587.09212530553,0.00033877365511273473
16609.50866719645,0.00033793987421202394
16610.032189473768,0.0003379090378286321
16631.95550380971,0.00033621661376578344
16654.432676086988,0.0003339171108745961
16655.984731992696,0.0003338649435034529
16676.940225025202,0.0003329146602500995
16699.47819167677,0.00033052681848057123
16702.06440467849,0.0003301356932599831
16722.046617149557,0.0003259794499473863
16744.645542607017,0.00032036906591683523
16748.27155924356,0.0003189415315730198
16767.27500926813,0.0003078489928066904
16789.93505840769,0.00028735321157550534
16794.606548373347,0.00027836924560708983
16812.625731356264,0.0002508789164048841
16835.347069500174,0.00029238471246317187
16841.06972572901,0.00029577742823280636
16858.09911428178,0.0003067211643218015
16880.881907199415,0.00031528753013983945
16887.661445950125,0.0003168968094866014
16903.695489807524,0.0003186570219965262
16926.539903716606,0.0003202396389242647
16934.382064657417,0.0003204997402303201
16949.41519059351,0.0003205299673316552
16972.321392161346,0.00032036148034589426
16981.23193845544,0.0003203352471189006
16995.25855019965,0.0003201342145610882
17018.226706544327,0.00031934589897265235
17028.21142493531,0.00031900286936928737
17041.22590308791,0.0003184824698257348
17064.256181779554,0.00031756378463741156
17075.32088267745,0.0003171234869844587
17087.317584625,0.00031658044709768706
17110.41015368687,0.0003155373090892468
17122.560671254305,0.00031474922120513496
17133.53393108458,0.0003140393419732713
17156.68895899452,0.0003130030995907717
17169.931151233108,0.0003121525661712151
17179.87527964997,0.00031143252335233667
17203.092935341378,0.0003100420407506316
17217.432684178606,0.0003088345029771771
17226.341968416324,0.0003079324269020009
17249.622421279655,0.0003055216821308167
17265.065632655842,0.0003035042526909358
17272.93433639341,0.00030200127833841605
17296.277756277123,0.00029642507156562415
17312.830360232918,0.0002906710261039881
17319.652723507792,0.00028627743847340725
17343.05928071985,0.00025442214683254186
17360.727231483757,0.00021602097115801786
17366.497470605456,0.00020768053761435577
17389.967335914425,0.00026602611955013985
17408.756611990906,0.00028072502409830333
17413.468919454383,0.0002833734216693034
17437.002264090697,0.00029066749599523765
17456.918868348308,0.0002861339160279357
17460.567412746783,0.0002849979559394994
17484.164408404024,0.00029585903171100946
17505.21436816411,0.0002966219426569734
17507.793294101917,0.00029664911394949867
17531.45411293803,0.0002956573677215369
17553.64348006347,0.0002958366511949319
17555.146908068276,0.00029583351432169977
17578.871722706896,0.00029497631725940334
17602.20657369136,0.00029413791529034415
17602.628600126412,0.000294124906527145
17626.417583657952,0.0002933910674732013
17650.238716691154,0.0002926582301086025
17650.904019715435,0.0002926378280481146
17674.0920426743,0.0002916969724610995
17697.97760511443,0.00029072965238017195
17699.736189828716,0.00029060819383023667
17721.895447577266,0.00028918976499138797
17745.845613687514,0.00028902813469761616
17748.703456752635,0.0002889276310955921
17769.828147128846,0.0002881616133833272
17793.843091643856,0.00028687743148580466
17797.806194239747,0.00028666571988489916
17817.890491034355,0.00028554719940319153
17841.970389161364,0.00028392065400289546
17847.044777076615,0.00028396319866462564
17866.082829945062,0.00028410348810430563
17890.227857365095,0.00028294101704434834
17896.41958108666,0.00028265044287285163
17914.405515460505,0.00028180922040326313
17938.615848329853,0.00028087198954913526
17945.930983133043,0.00028046663173101656
17962.858900131338,0.0002794525924662502
17987.13471508272,0.0002784063568598633
17995.57936112154,0.000277903825988238
18011.44333746163,0.0002768897583564722
18035.78481160554,0.0002753381343650888
18045.365094003424,0.00027457310819522314
18060.15918191172,0.0002729960117804684
18084.566492837566,0.0002697904463239752
18095.288561778354,0.0002679006493270884
18109.00678890051,0.00026416608990091487
18133.480114678187,0.0002550847415002685
18145.350145497312,0.000247513098668665
18157.986514808363,0.000239702946419252
18182.52603398924,0.00021091037628571038
18195.550227265376,0.00022477018535245854
18207.098716979395,0.00024100104561519426
18231.704608597927,0.0002544583224707145
18245.889190244845,0.0002593657875674675
18256.343753724395,0.00026119471408684637
18281.01619729912,0.0002636345531244661
18296.36741865801,0.0002644378417060127
18305.72198432316,0.000264601593450914
18330.461159858278,0.0002646487884906774
18346.985297790154,0.000264678671953335
18355.233769027243,0.0002645850638104822
18380.03985701377,0.00026338754720220376
18397.743213992453,0.0002632944028460783
18404.879469062682,0.00026321713785041625
18429.752650479822,0.00026241478874289563
18448.641554684953,0.0002618068613459073
18454.659446632384,0.0002616036379293809
18479.59990294883,0.0002607634037449702
18499.680708359523,0.0002600882833847037
18504.57406491906,0.00025991814559565916
18529.58197809433,0.0002577508461672185
18550.861064582805,0.00025779737956132794
18554.623688087577,0.00025778693529728887
18579.699240573376,0.00025438036466366674
18602.1830139992,0.00025499210748295456
18604.808681287916,0.0002550261573079338
18629.952056029313,0.00025294232820021747
18653.646948333862,0.0002509858218038952
18655.129410657533,0.00025079293314688887
18680.34079109456,0.00024643645240047727
18705.25326039565,0.0002406017242047831
18705.58624332433,0.00024037228045510896
18730.865813393033,0.00021811845103748335
18756.179547409047,0.00014831115598469923
18757.002344080167,0.0001496713180827014
18781.527491543107,0.0002161534218336359
18806.909692028225,0.00023670394024902735
18808.894594372745,0.00023797458839389907
18832.32619516001,0.00024201258751892633
18857.777047296644,0.00024430653601683537
18860.930407351458,0.00024450256550962097
18883.26229485884,0.0002448505037940344
18908.781984330155,0.0002448886451263562
18913.110180190164,0.0002441481164394916
18934.336162256935,0.0002403473419694561
18959.92487524847,0.00024424133457508115
18965.43431116151,0.00024412981174667253
18985.548169976923,0.0002435664215142663
19011.20609317764,0.00024284947682112515
19017.903199639994,0.00024266275727772085
19036.8986916491,0.00024213481907010487
19062.626012253062,0.00024142212525825514
19070.517246105002,0.00024120400561851305
19088.388101914497,0.00024064358388911123
19114.18500762191,0.00023983629893818776
19123.27685214387,0.00023943094251582974
19140.01677642731,0.00023868689951406582
19165.883455446176,0.00023788331122501295
19176.182420454945,0.00023756498324716699
19191.785091857782,0.00023708472633342112
19217.721732905116,0.00023594450762182487
19229.234354850658,0.00023559215688479543
19243.69342589506,0.00023509850893749004
19269.700218198304,0.00023387145804531904
19282.43306026061,0.0002332720383763348
19295.742157249675,0.00023250409910365155
19321.81929054807,0.00023074562725011846
19335.778942734665,0.0002296529403156715
19347.931665656615,0.00022827849441954372
19374.0793302026,0.00022436506809215293
19389.272409446046,0.0002211048093447089
19400.26233187779,0.00021659180410940997
19426.48071843842,0.00020088987589225808
19442.913868694435,0.00017735257608314517
19452.734537705128,0.0001678348805832791
19479.023837563305,0.00020494274132932448
19496.703729909106,0.00021326232393837277
19505.34866596302,0.0002161168624533481
19531.70907091914,0.00022059910256660807
19550.642403652033,0.0002224499783818405
19558.105100511464,0.00022278638806039558
19584.536802884642,0.00022332751495188983
19604.730301621035,0.00022349258904621645
19611.004226248522,0.00022345237836640357
19637.50741887809,0.00022328017132296522
19658.967836652922,0.00022287890307195327
19664.04642911346,0.00022275646409638934
19690.621305360193,0.00022211833127074016
19713.355422726665,0.00022157388825700907
19717.232096089272,0.00022147843100816448
19743.878849837063,0.00022082293014751115
19767.89347496642,0.00022023358343483944
19770.561615205646,0.00022016835844033755
19797.280440862745,0.00021951507064976107
19822.582409644925,0.00021890154805981546
19824.03537554185,0.0002188615988483898
19850.82646804236,0.00021812310056261948
19877.422644186514,0.0002173927319211745
19877.6537672295,0.00021738717096616187
19904.517322034655,0.00021674303498427308
19931.417181455334,0.00021593690636200944
19932.414597170355,0.00021590762160210867
19958.353394555146,0.00021514852539814274
19985.32601046413,0.00021451018156260849
19987.558688333633,0.00021445748534455568
