wavelength,flux_photlam
10009.35,1.5092022028140468e-06
10020.35,1.0052084795610396e-06
10031.35,1.3250691329175553e-06
10042.35,1.9281807201568438e-06
10053.35,1.4873639581879073e-06
10064.35,2.2282075064999655e-06
10075.35,2.1431982087296413e-06
10086.35,2.301216887502252e-06
10097.35,1.0646958392238911e-06
10108.35,1.6458007641231645e-06
10119.35,1.1552231669171312e-06
10130.35,1.7459115435608797e-06
10141.35,1.54965072661893e-06
10152.35,1.1706415575492117e-06
10163.35,1.1481255685107817e-06
10174.35,1.482101313665089e-06
10185.35,1.1612051310251563e-06
10196.35,1.941688956481751e-06
10207.35,1.9838012866663076e-06
10218.35,2.1523626094629837e-06
10229.35,1.676434041607675e-06
10240.35,2.113356026602371e-06
10251.35,1.217031745778284e-06
10262.35,1.63427199062673e-06
10273.35,1.8495859440026731e-06
10284.35,1.4942333066002443e-06
10295.35,1.8438906908729267e-06
10306.35,1.919390929719233e-06
10317.35,1.1613570358600723e-06
10328.35,1.0546715638889572e-06
10339.35,8.822571259205516e-07
10350.35,2.3178001404997843e-06
10361.35,1.4104025575210787e-06
10372.35,1.6623296577961712e-06
10383.35,1.4179353983564574e-06
10394.35,1.6581698012109734e-06
10405.35,1.981872744208826e-06
10416.35,1.208487369235668e-06
10427.35,1.5699014584449341e-06
10438.35,1.5023425715782088e-06
10449.35,2.002173174827095e-06
10460.35,1.6517598231090405e-06
10471.35,1.3164709148395079e-06
10482.35,1.9382105831799397e-06
10493.35,1.6108357245903537e-06
10504.35,1.5034934559311714e-06
10515.35,1.6401359904272172e-06
10526.35,1.656295972041855e-06
10537.35,2.04568188163577e-06
10548.35,1.4651837125942831e-06
10559.35,1.79028891421649e-06
10570.35,2.4292869528651894e-06
10581.35,1.7440234008805735e-06
10592.35,1.7706034180781133e-06
10603.35,1.4516955618658986e-06
10614.35,2.2189175433134097e-06
10625.35,1.1638517401894985e-06
10636.35,1.735886781927768e-06
10647.35,2.010313598834528e-06
10658.35,2.012634091272522e-06
10669.35,1.4415439364050651e-06
10680.35,1.536191798083937e-06
10691.35,1.0488944245656276e-06
10702.35,2.5112772241851237e-06
10713.35,1.4777480393516315e-06
10724.35,1.673857253165856e-06
10735.35,8.539859167517281e-07
10746.35,1.1921513621085597e-06
10757.35,1.430695063158688e-06
10768.35,2.1193904699736115e-06
10779.35,1.8682264979280369e-06
10790.35,2.2113052668999443e-06
10801.35,1.8160802288101499e-06
10812.35,1.635981719637353e-06
10823.35,1.303855016583429e-06
10834.35,1.5591570006470088e-06
10845.35,1.9303234551977627e-06
10856.35,1.790266101228743e-06
10867.35,9.345289472145036e-07
10878.35,1.4603825831898866e-06
10889.35,1.3809875665185733e-06
10900.35,1.766056281667376e-06
10911.35,1.1215289463577727e-06
10922.35,1.4377987300239167e-06
10933.35,1.1147422422467685e-06
10944.35,1.4942097761225165e-06
10955.35,1.8477786451140175e-06
10966.35,1.5624579134438025e-06
10977.35,1.4390352489812094e-06
10988.35,9.069632464389526e-07
10999.35,1.4548702173503683e-06
11010.35,1.818449464519778e-06
11021.35,1.1188853246924244e-06
11032.35,4.44556452914585e-07
11043.35,1.478704007551402e-06
11054.35,2.1069425245584317e-06
11065.35,2.4179036423240935e-06
11076.35,1.9333722958687547e-06
11087.35,1.326106087082496e-06
11098.35,1.847164406920407e-06
11109.35,1.280817414274609e-06
11120.35,2.316060605428861e-06
11131.35,1.857001864467852e-06
11142.35,2.3491625163308658e-06
11153.35,2.6452666111810592e-06
11164.35,1.5009780345936014e-06
11175.35,1.4950646136676167e-06
11186.35,1.2383916984657934e-06
11197.35,1.6471646511932547e-06
11208.35,9.291233429055033e-07
11219.35,1.5591565668924236e-06
11230.35,1.365716188493934e-06
11241.35,1.6846373344944934e-06
11252.35,1.1002781441609346e-06
11263.35,2.5649969400716466e-06
11274.35,1.1842760402246532e-06
11285.35,1.3101395768446978e-06
11296.35,1.4787072125670217e-06
11307.35,1.3315378018313117e-06
11318.35,2.059142886947729e-06
11329.35,1.920871358918658e-06
11340.35,1.191029529106175e-06
11351.35,1.867177966858084e-06
11362.35,1.672032104769814e-06
11373.35,1.602210603689958e-06
11384.35,1.6499688157114837e-06
11395.35,1.8077521814256901e-06
11406.35,1.4538097945568555e-06
11417.35,1.0997067086139174e-06
11428.35,1.8053096854686328e-06
11439.35,2.912505643651805e-06
11450.35,2.2682513647097066e-06
11461.35,1.4236434790545511e-06
11472.35,1.518329084920978e-06
11483.35,1.5553914813236003e-06
11494.35,1.450472010797918e-06
11505.35,7.496589973674549e-07
11516.35,1.4286205601561677e-06
11527.35,1.7975478765980253e-06
11538.35,1.5458673806279215e-06
11549.35,1.6159716544337386e-06
11560.35,7.49414513115215e-07
11571.35,1.6011456802678635e-06
11582.35,1.941743381496463e-06
11593.35,1.300731702251618e-06
11604.35,5.979689132100748e-07
11615.35,3.137946747240577e-06
11626.35,1.3753641662986283e-06
11637.35,1.8959532010555265e-06
11648.35,1.2428034590675034e-06
11659.35,1.1980574245832946e-06
11670.35,1.3336210193502326e-06
11681.35,1.6602376404728476e-06
11692.35,1.0775949336632315e-06
11703.35,1.845373724714195e-06
11714.35,2.1273721484185282e-06
11725.35,2.1992262135727935e-06
11736.35,1.9065769731024977e-06
11747.35,1.3347375836437005e-06
11758.35,1.3411519880077278e-06
11769.35,2.270693879159592e-06
11780.35,1.5769239227294737e-06
11791.35,1.61174547903873e-06
11802.35,8.035857781399996e-07
11813.35,1.0537914351385519e-06
11824.35,2.4348074666287713e-06
11835.35,8.607658968888814e-07
11846.35,2.166199769623216e-06
11857.35,1.3504418368317406e-06
11868.35,1.7118200016110793e-06
11879.35,1.450728539669906e-06
11890.35,2.097782471220196e-06
11901.35,2.482986444092754e-06
11912.35,9.667178983554992e-07
11923.35,2.1729605652732297e-06
11934.35,1.6875420575878685e-06
11945.35,1.3794269632487468e-06
11956.35,1.686527504343064e-06
11967.35,1.1570739722319444e-06
11978.35,2.145178047334779e-06
11989.35,1.0645782793019031e-06
12000.35,1.981054736955242e-06
12011.35,2.0799085571906644e-06
12022.35,1.5529825608575434e-06
12033.35,1.938448940222643e-06
12044.35,1.6832700136081853e-06
12055.35,1.4855369456736024e-06
12066.35,2.0007987131143967e-06
12077.35,1.6471789967365262e-06
12088.35,2.2876181335529392e-06
12099.35,1.8048135745922888e-06
12110.35,1.3274219842943898e-06
12121.35,2.4289656855637414e-06
12132.35,1.6134327657563306e-06
12143.35,1.920695689484354e-06
12154.35,1.7015268878262685e-06
12165.35,1.7213505499126435e-06
12176.35,1.8751857166478673e-06
12187.35,1.6783852538121511e-06
12198.35,1.4027477762139133e-06
12209.35,1.1181119188306585e-06
12220.35,1.5020077690223745e-06
12231.35,2.5705974021733255e-06
12242.35,1.3741110508507334e-06
12253.35,1.6362816414312727e-06
12264.35,7.72431235907057e-07
12275.35,1.7830362330557375e-06
12286.35,1.763878089282002e-06
12297.35,2.455567604133444e-06
12308.35,1.0961446720426539e-06
12319.35,1.8301583162769474e-06
12330.35,2.3188095699880254e-06
12341.35,1.678179831830207e-06
12352.35,1.6190432930278846e-06
12363.35,1.3179945495759432e-06
12374.35,2.4055171105737065e-06
12385.35,3.6106545683451125e-06
12396.35,2.968871016305707e-06
12407.35,3.4729734437472643e-06
12418.35,2.3046835256868357e-06
12429.35,1.4260566603012224e-06
12440.35,1.036915308241182e-06
12451.35,4.823231612925196e-07
12462.35,1.0245397441015767e-06
12473.35,1.4323645259623508e-06
12484.35,1.5816817343788508e-06
12495.35,2.5532756236581107e-06
12506.35,1.50152126059753e-06
12517.35,1.6221944747112275e-06
12528.35,2.3362550255715653e-06
12539.35,1.5498863346941845e-06
12550.35,1.6914333626678341e-06
12561.35,2.2191966968443273e-06
12572.35,5.843660340506683e-07
12583.35,1.950971577784335e-06
12594.35,1.2877533374891361e-06
12605.35,1.306562846885293e-06
12616.35,1.8533475538638778e-06
12627.35,2.246660356545227e-06
12638.35,2.9650383595168992e-06
12649.35,3.471776070113123e-06
12660.35,2.300820180646556e-06
12671.35,2.2745798444891873e-06
12682.35,1.2922769875486937e-06
12693.35,2.859967979695643e-06
12704.35,2.0097902151534383e-06
12715.35,2.006705906828119e-06
12726.35,1.8773944011253276e-06
12737.35,1.6259611126606452e-06
12748.35,3.032378290385688e-06
12759.35,6.067671462122993e-06
12770.35,7.568584908716605e-06
12781.35,5.704857717783438e-06
12792.35,3.2574074704971335e-06
12803.35,2.79136235305118e-06
12814.35,1.4773970992328807e-06
12825.35,2.4715332904550035e-06
12836.35,1.4585877122966432e-06
12847.35,1.2669184075533148e-06
12858.35,2.18358858485102e-06
12869.35,1.2968317725847107e-06
12880.35,1.5395618237082993e-06
12891.35,1.7493289201762902e-06
12902.35,1.3120238685290291e-06
12913.35,1.326048995964411e-06
12924.35,1.0941422482611623e-06
12935.35,2.0446901452021243e-06
12946.35,2.2036487471789246e-06
12957.35,1.5784980721298948e-06
12968.35,1.3789926294551048e-06
12979.35,1.3366174201650741e-06
12990.35,4.5817019786120726e-07
13001.35,1.6758997305157416e-06
13012.35,1.7284153631968788e-06
13023.35,1.5491193876241109e-06
13034.35,1.569139670206632e-06
13045.35,1.613199180046793e-06
13056.35,1.8162275508722877e-06
13067.35,1.246295390619545e-06
13078.35,1.1200725358749053e-06
13089.35,1.7718422121565647e-06
13100.35,1.4852370192885684e-06
13111.35,1.0230095327046434e-06
13122.35,1.0964889283950425e-06
13133.35,1.2058522399890482e-06
13144.35,1.01540009480801e-06
13155.35,1.7935571858669032e-06
13166.35,2.0924873084941925e-06
13177.35,1.4069481526324158e-06
13188.35,1.4164733716369533e-06
13199.35,1.3366086573211549e-06
13210.35,1.7589829353139213e-06
13221.35,1.7107375691489704e-06
13232.35,1.857624109851763e-06
13243.35,6.504576137229843e-07
13254.35,1.4739759370599765e-06
13265.35,2.7315338863062692e-06
13276.35,2.9034528050656023e-06
13287.35,1.3024533186312904e-06
13298.35,6.250943140195568e-07
13309.35,1.4395434238586507e-06
13320.35,2.283915883600577e-06
13331.35,9.551681031031235e-07
13342.35,1.4536162809815336e-06
13353.35,1.7047304858967107e-06
13364.35,1.1536241045547876e-06
13375.35,1.2323157260769344e-06
13386.35,1.3056039754198841e-06
13397.35,7.618683396496603e-07
13408.35,2.455727431167671e-07
13419.35,6.66072949279887e-07
13430.35,1.2089882342838743e-06
13441.35,1.8459709027322777e-06
13452.35,1.1368253258290012e-06
13463.35,1.314674181942331e-06
13474.35,1.5371725465286979e-06
13485.35,1.3405875865084546e-06
13496.35,1.3849521315892285e-06
13507.35,1.0954817224282655e-06
13518.35,1.8452380373713815e-06
13529.35,1.7785351660305161e-06
13540.35,1.7637964100585705e-06
13551.35,1.5680250021314709e-06
13562.35,1.2735588340429312e-06
13573.35,1.1773823508594397e-06
13584.35,1.5776705309869617e-06
13595.35,1.6440432594182483e-06
13606.35,1.6850017881051444e-06
13617.35,1.8105522910989452e-06
13628.35,1.470951714444807e-06
13639.35,1.0088965395469857e-06
13650.35,2.8806672434671786e-06
13661.35,1.243815745703841e-06
13672.35,2.3380479631702332e-06
13683.35,2.3908133241654925e-06
13694.35,7.286351100237842e-07
13705.35,1.7237074120582444e-06
13716.35,1.075611418773651e-06
13727.35,2.486561104468946e-06
13738.35,1.9167702626286775e-06
13749.35,2.114347052724686e-06
13760.35,1.8519996328997275e-06
13771.35,1.5064409584764474e-06
13782.35,2.361949129680326e-06
13793.35,1.7280820148211267e-06
13804.35,1.2628666425751586e-06
13815.35,1.7768394444567932e-06
13826.35,1.0950899914116865e-06
13837.35,1.1154928658314152e-06
13848.35,1.7325186785581637e-06
13859.35,1.6974221026766228e-06
13870.35,7.471144899464197e-07
13881.35,1.2626384055742012e-06
13892.35,1.7305507342716727e-06
13903.35,1.6300489653805045e-06
13914.35,2.248182456668982e-06
13925.35,1.5899068169886788e-06
13936.35,9.513177419354762e-07
13947.35,2.3210371052838273e-06
13958.35,1.812949230216548e-06
13969.35,1.4362134966994507e-06
13980.35,1.5403169265391175e-06
13991.35,1.1627533748038285e-06
14002.35,1.1644393911696642e-06
14013.35,1.084741157688876e-06
14024.35,1.4922703414829386e-06
14035.35,1.3425515564027052e-06
14046.35,1.5922334078385462e-06
14057.35,2.595177134442031e-06
14068.35,1.1410851186919918e-06
14079.35,1.6891619241316357e-06
14090.35,1.9644980086474266e-06
14101.35,1.9553117716959746e-08
14112.35,2.1227300574011392e-06
14123.35,3.133930584972027e-07
14134.35,1.269400263888466e-06
14145.35,8.413476186326782e-07
14156.35,2.0608180937488725e-06
14167.35,1.4740771685303821e-06
14178.35,9.144567684956598e-07
14189.35,6.553111153265153e-07
14200.35,1.5420020264566174e-06
14211.35,1.2763442194210865e-06
14222.35,1.72487763292615e-06
14233.35,1.3222286306533262e-06
14244.35,2.211044391878793e-06
14255.35,1.4140235846681886e-06
14266.35,1.2285597653855576e-06
14277.35,8.225386475144693e-07
14288.35,3.0350735552053815e-07
14299.35,1.609314234309547e-06
14310.35,2.1220252057712993e-06
14321.35,2.2592900463425658e-07
14332.35,1.999188962887129e-06
14343.35,1.0697686912871551e-06
14354.35,1.4144207448007746e-06
14365.35,1.4392563862366844e-06
14376.35,1.037388492129692e-06
14387.35,8.299007560624413e-07
14398.35,2.092034713631481e-06
14409.35,9.224331713953298e-07
14420.35,1.6364410934791907e-06
14431.35,1.8686568543114862e-06
14442.35,1.9535190344199075e-06
14453.35,1.290731339446104e-06
14464.35,1.1969046129817306e-06
14475.35,1.6517061352098125e-06
14486.35,1.9853440234260186e-06
14497.35,2.660492048708669e-06
14508.35,1.9977538218186017e-06
14519.35,9.744865408832896e-07
14530.35,2.0377328679648598e-06
14541.35,9.794746425017355e-07
14552.35,1.6381674887910274e-06
14563.35,9.47155280086721e-07
14574.35,4.304515314624523e-07
14585.35,6.717955219465871e-07
14596.35,1.303764028910974e-06
14607.35,1.569680301015237e-06
14618.35,1.3141809625014518e-06
14629.35,1.6979235571594695e-06
14640.35,5.684260312146756e-07
14651.35,1.6061805963210779e-06
14662.35,9.470711695662159e-07
14673.35,1.279553210694148e-06
14684.35,1.129833521036026e-06
14695.35,9.539114134249146e-07
14706.35,2.3466843817860532e-06
14717.35,1.4669415568881175e-06
14728.35,9.556071765477186e-07
14739.35,1.557515768215092e-06
14750.35,1.7887445809219482e-06
14761.35,8.591414170756579e-07
14772.35,2.125273710608105e-06
14783.35,2.4857907507744347e-06
14794.35,1.449543970162748e-06
14805.35,1.9709681460230542e-06
14816.35,1.254376758048829e-06
14827.35,1.2773701520195842e-06
14838.35,2.505960483007915e-06
14849.35,1.0873414269242094e-06
14860.35,1.9082758006783187e-06
14871.35,3.0982017578990024e-06
14882.35,8.76582694407891e-07
14893.35,2.0958907213335957e-06
14904.35,1.3800978941101159e-06
14915.35,1.5008990337517533e-06
14926.35,1.5040272322010776e-06
14937.35,1.1554048718393675e-06
14948.35,1.2801607165044156e-06
14959.35,3.2778836130099616e-07
14970.35,2.1973334814545385e-06
14981.35,1.1307113497640148e-06
14992.35,5.890157121150163e-07
15003.35,1.165798489060646e-06
15014.35,1.556622001033565e-06
15025.35,1.21671740208613e-06
15036.35,1.0657667812494913e-06
15047.35,1.0280820612957132e-06
15058.35,4.520201726118233e-07
15069.35,1.8693224580707035e-06
15080.35,4.82707413254008e-08
15091.35,1.8086752326749358e-06
15102.35,8.477883733725848e-07
15113.35,8.622741650574889e-07
15124.35,-2.396784867319971e-07
15135.35,1.723207897562831e-06
15146.35,2.2511368252106063e-06
15157.35,1.3995258460102953e-06
15168.35,7.025209858246212e-07
15179.35,1.5412239920795726e-06
15190.35,6.690842943082311e-07
15201.35,1.7827946600129719e-06
15212.35,1.3283151986342694e-06
15223.35,2.384252337331597e-06
15234.35,1.8893777748701147e-06
15245.35,1.3134267295710108e-06
15256.35,9.088339817105063e-07
15267.35,1.0442360398798848e-06
15278.35,1.2008733539426924e-06
15289.35,1.6268450342403248e-06
15300.35,1.393747754400754e-06
15311.35,7.483386758356289e-07
15322.35,1.1654289566178873e-06
15333.35,4.3607059232778104e-07
15344.35,1.6901283119408431e-06
15355.35,1.9649222855774858e-06
15366.35,9.689805588950878e-07
15377.35,1.3232970937842801e-06
15388.35,1.4770693234001507e-07
15399.35,4.4417408918804973e-07
15410.35,1.5582767098056013e-06
15421.35,1.921991208418705e-06
15432.35,1.7452377648897e-06
15443.35,1.2165687693162324e-06
15454.35,6.834413366088619e-07
15465.35,1.4993600314356328e-07
15476.35,9.978462625026847e-07
15487.35,1.943008647879614e-06
15498.35,1.3182546618554399e-06
15509.35,8.253221254910277e-07
15520.35,7.169068108906087e-07
15531.35,1.9644389870765246e-06
15542.35,1.2399330791074961e-06
15553.35,1.7481095176054714e-06
15564.35,1.2494819369717744e-06
15575.35,1.7625974559685665e-07
15586.35,1.866587883093263e-06
15597.35,1.075244582643999e-06
15608.35,5.841519574887679e-07
15619.35,1.3638395574865577e-06
15630.35,1.6591228786045436e-06
15641.35,3.2468052043672987e-06
15652.35,1.4279350863361286e-06
15663.35,-1.460942692631579e-07
15674.35,1.0143802080954125e-06
15685.35,1.1294217794841196e-06
15696.35,5.075015988932733e-07
15707.35,2.114484384924816e-06
15718.35,5.238720289047277e-07
15729.35,2.0690633404773728e-06
15740.35,2.1013967726894066e-07
15751.35,1.7636830791569557e-06
15762.35,8.031336574331764e-07
15773.35,1.1110966406946608e-06
15784.35,1.5608171851409036e-06
15795.35,1.2823629282230267e-06
15806.35,1.6506544182261952e-06
15817.35,2.733838907922399e-06
15828.35,2.268522147942013e-06
15839.35,1.5777985440531547e-06
15850.35,2.482739146672977e-06
15861.35,1.664514596280339e-06
15872.35,8.982293022931499e-07
15883.35,9.213753493145326e-07
15894.35,1.1822134087009928e-06
15905.35,2.0650751378306766e-06
15916.35,1.7448264467019631e-06
15927.35,1.8791056883032617e-06
15938.35,8.10349784338127e-07
15949.35,1.5432550823207087e-06
15960.35,2.7296598134984943e-06
15971.35,9.607867055482056e-07
15982.35,1.8020592794826032e-06
15993.35,1.7883556590506474e-06
16004.35,9.996509708953642e-07
16015.35,1.9200505308154746e-06
16026.35,1.1713907083678178e-06
16037.35,1.599695998845822e-06
16048.35,5.333835704926862e-07
16059.35,1.5001733491252068e-06
16070.35,2.4624346620856694e-06
16081.35,9.81221429220091e-07
16092.35,1.1366045365341803e-06
16103.35,1.6189646065162753e-06
16114.35,2.2547620000443846e-07
16125.35,6.051424737182641e-07
16136.35,2.0791910469852537e-08
16147.35,1.3722589568247324e-06
16158.35,7.387865678686723e-07
16169.35,1.5107134697127626e-06
16180.35,1.4788216669248799e-06
16191.35,2.3381647635673673e-06
16202.35,1.3036848512432648e-06
16213.35,1.3490780852750339e-06
16224.35,1.9458879677510395e-06
16235.35,1.2506480419812132e-06
16246.35,2.934867598884632e-06
16257.35,2.8681456000881337e-06
16268.35,1.8598961268331258e-06
16279.35,2.0294104828741695e-06
16290.35,4.626346857550422e-07
16301.35,1.8681511617292366e-06
16312.35,5.6738190759382e-07
16323.35,1.5977802772235565e-06
16334.35,1.6785730944868198e-07
16345.35,8.760358981229124e-07
16356.35,-4.2276738651857344e-07
16367.35,1.2179799059323712e-06
16378.35,9.71886365358036e-07
16389.35,1.677933180841338e-06
16400.35,8.93038877448247e-07
16411.35,1.2700781365096372e-08
16422.35,1.5860247553949796e-06
16433.35,2.2077444557811593e-06
16444.35,1.453684565130589e-06
16455.35,1.959857023303264e-06
16466.35,1.2764715941940204e-06
16477.35,1.9688444141227775e-06
16488.35,1.0632922447463642e-06
16499.35,7.599333475187813e-07
16510.35,2.1911148984382715e-06
16521.35,1.3490031238360075e-06
16532.35,1.5709306512052816e-06
16543.35,2.0444581816963774e-06
16554.35,-1.621482150972371e-07
16565.35,7.250615737723667e-07
16576.35,1.8953196705465165e-06
16587.35,1.241047331505584e-06
16598.35,1.4360876079348007e-06
16609.35,2.4221908478597243e-06
16620.35,1.7792442023704347e-06
16631.35,1.0966809325056138e-06
16642.35,1.1480417889809235e-06
16653.35,8.587276401423262e-07
16664.35,2.716182721458127e-07
16675.35,1.6759288460311688e-06
16686.35,1.564936687253458e-06
16697.35,2.211029797270087e-06
16708.35,2.475509824074871e-06
16719.35,6.301672465911816e-06
16730.35,1.166490492056878e-05
16741.35,1.118988959349397e-05
16752.35,8.357445180271702e-06
16763.35,3.3176092853765175e-06
16774.35,2.345845110255445e-06
16785.35,1.2890300271385782e-06
16796.35,1.3801589874918273e-06
16807.35,2.2398322833303505e-06
16818.35,1.2104555250431517e-06
16829.35,7.958371327343843e-07
16840.35,2.063485294858801e-06
16851.35,1.6987506026483193e-06
16862.35,4.7553895551389225e-07
16873.35,1.5852292470329906e-06
16884.35,1.4061880730940952e-06
16895.35,1.0469346726192102e-06
16906.35,3.0437399999000826e-07
16917.35,5.199939836918283e-07
16928.35,1.2581136416987333e-06
16939.35,1.2320534399677383e-06
16950.35,1.4118528854797451e-06
16961.35,1.01224919474825e-06
16972.35,2.059455363302302e-06
16983.35,6.640263882397916e-07
16994.35,1.8290978900677863e-06
17005.35,5.888300377483212e-07
17016.35,8.836836117796058e-07
17027.35,2.4264347938145866e-06
17038.35,1.261180190790961e-06
17049.35,9.464350852272179e-07
17060.35,1.6505000871811798e-06
17071.35,1.3222720374870381e-06
17082.35,1.1902530238596567e-06
17093.35,7.132155249873904e-07
17104.35,5.535840084211041e-07
17115.35,1.677722230926196e-06
17126.35,3.4555553554915586e-06
17137.35,3.60430594733457e-06
17148.35,1.3458260677122337e-06
17159.35,3.1984682199916896e-06
17170.35,9.875351034009723e-07
17181.35,1.7528343526752126e-06
17192.35,3.301312838401384e-06
17203.35,8.387855489371039e-07
17214.35,1.5528772160406948e-06
17225.35,2.1314473762486072e-07
17236.35,4.9708176951483367e-08
17247.35,5.984647140960919e-07
17258.35,1.5068770353178484e-06
17269.35,1.4166295254021733e-06
17280.35,9.381950404275609e-07
17291.35,-1.8811360221381782e-07
17302.35,3.8868347679013226e-07
17313.35,1.7327305148327267e-06
17324.35,-1.1291467037638156e-07
17335.35,8.219173067582849e-07
17346.35,1.8748697568205498e-06
17357.35,1.7543092625271253e-06
17368.35,1.2647790960615335e-06
17379.35,1.6171976253864509e-06
17390.35,1.2819816838778689e-06
17401.35,3.4590840876514477e-07
17412.35,1.2175688596221675e-06
17423.35,3.200240452636405e-07
17434.35,1.8540560852214953e-06
17445.35,2.5855960451883236e-06
17456.35,-1.7646201375863614e-08
17467.35,1.3626469553844291e-06
17478.35,5.057871705947401e-07
17489.35,1.2469308769054944e-06
17500.35,1.5525211360033487e-06
17511.35,-6.419919631659958e-07
17522.35,1.3260859572285378e-06
17533.35,2.839955824749695e-06
17544.35,2.35545567129656e-06
17555.35,1.4129353205394582e-06
17566.35,1.210193117022755e-06
17577.35,1.7811725268129133e-06
17588.35,1.5504307404282284e-06
17599.35,2.018606995463341e-06
17610.35,1.2078440718684624e-06
17621.35,1.6781775063930532e-06
17632.35,1.0108631492891747e-06
17643.35,2.5266187880693462e-06
17654.35,7.121232800798882e-07
17665.35,2.399303601131413e-06
17676.35,1.1409284834412091e-06
17687.35,1.2947742401605117e-06
17698.35,5.134705244813171e-07
17709.35,8.683676125153887e-07
17720.35,1.345280180835379e-06
17731.35,2.046576688749995e-06
17742.35,8.153295142640145e-07
17753.35,1.5017205292000823e-06
17764.35,9.38222911635226e-07
17775.35,9.785818356232506e-07
17786.35,2.701916458140146e-06
17797.35,4.981074237425427e-07
17808.35,1.1430896611695374e-06
17819.35,1.3186597673971308e-06
17830.35,6.679693259940787e-07
17841.35,1.337368003194878e-06
17852.35,1.7567290058705954e-06
17863.35,2.4139758442132513e-06
17874.35,2.552109235691048e-06
17885.35,-1.238925356715871e-06
17896.35,1.385359392294114e-06
17907.35,1.2129452461257582e-06
17918.35,1.4631432870244579e-06
17929.35,2.015372536169182e-06
17940.35,2.2291110862670857e-06
17951.35,7.711061874057211e-07
17962.35,2.0278070114034833e-06
17973.35,1.2651393663943112e-06
17984.35,5.770072700089036e-07
17995.35,1.8667815041872463e-06
18006.35,9.112703287609848e-07
18017.35,1.4785731544707281e-06
18028.35,4.167560224652693e-07
18039.35,1.6345504153836945e-06
18050.35,6.032410564231956e-08
18061.35,1.1914451300710986e-06
18072.35,1.907888990477963e-06
18083.35,7.578863449202124e-07
18094.35,1.7788847679023717e-06
18105.35,1.4221221774851555e-06
18116.35,2.3979295741927088e-06
18127.35,1.8420289598513177e-06
18138.35,1.963488586259807e-06
18149.35,2.031747428161801e-06
18160.35,2.3287012027120103e-07
18171.35,1.4098296616397716e-06
18182.35,5.525443206115587e-07
18193.35,1.4149939643002648e-06
18204.35,1.6727582251545247e-06
18215.35,2.185251437416627e-06
18226.35,2.7630321557052667e-06
18237.35,3.272875074073854e-07
18248.35,1.4397013143085064e-06
18259.35,1.7316117349012217e-06
18270.35,-8.408800689239067e-07
18281.35,-3.015446615908401e-07
18292.35,1.2375478104766155e-06
18303.35,2.1743323140476517e-06
18314.35,2.1792301070531774e-06
18325.35,9.97395774037681e-07
18336.35,3.394014740636615e-07
18347.35,2.1645965028598455e-07
18358.35,4.2438610574438463e-07
18369.35,1.8824255959495065e-06
18380.35,5.164398256247501e-07
18391.35,-1.0309158056234236e-07
18402.35,1.9519065816447796e-06
18413.35,8.00695458274327e-08
18424.35,1.0328509306137003e-06
18435.35,8.92354191483812e-07
18446.35,1.1125434808109702e-06
18457.35,9.543318643131147e-07
18468.35,1.334027639071124e-06
18479.35,1.0643223574512416e-06
18490.35,1.6472758542493078e-06
18501.35,-3.11467749732941e-07
18512.35,2.678737832209166e-07
18523.35,2.0111488644668773e-06
18534.35,2.356022216810977e-06
18545.35,1.0523393595963872e-06
18556.35,7.294645357287792e-07
18567.35,1.911496522087349e-06
18578.35,1.1257730123687637e-06
18589.35,1.804458852455028e-06
18600.35,1.8918162405587549e-06
18611.35,2.0028803779909487e-06
18622.35,1.5087561414593859e-06
18633.35,2.405366997521832e-07
18644.35,1.7241805611408722e-06
18655.35,8.639642163334487e-07
18666.35,1.8449396680713236e-06
18677.35,2.3954333105104368e-06
18688.35,2.3194920706537843e-08
18699.35,2.9560613911913725e-06
18710.35,1.3794853488194295e-06
18721.35,-3.028176313661801e-07
18732.35,-1.7627183298998323e-06
18743.35,1.0000078588706636e-06
18754.35,8.22889195100246e-07
18765.35,2.23477651679946e-06
18776.35,7.083730609499834e-07
18787.35,1.9798301949893753e-06
18798.35,1.497019701039378e-06
18809.35,1.5099959320663822e-06
18820.35,1.9854139242740586e-06
18831.35,9.373237862301351e-07
18842.35,2.091903126939067e-07
18853.35,1.9495578592881102e-07
18864.35,4.4273457323914574e-07
18875.35,1.1835380818807473e-06
18886.35,2.2217342081471697e-06
18897.35,1.937923978335941e-06
18908.35,1.881513488930088e-06
18919.35,1.405750305068921e-06
18930.35,1.881986333715472e-06
18941.35,3.257196219103852e-06
18952.35,1.635616642438098e-06
18963.35,2.2071592626706524e-06
18974.35,2.545301959013289e-06
18985.35,4.6865015360355964e-08
18996.35,2.102237472476914e-06
19007.35,3.8518734175126053e-07
19018.35,9.396014135103941e-07
19029.35,3.960762771285605e-07
19040.35,6.284835387315068e-07
19051.35,-8.284641812254126e-07
19062.35,-2.589466039357726e-07
19073.35,1.5206920001059588e-06
19084.35,2.4004011062822093e-06
19095.35,2.06051892260466e-06
19106.35,2.421465238412675e-06
19117.35,1.6641045727641837e-06
19128.35,1.526032314457756e-06
19139.35,2.6000549750764123e-06
19150.35,6.969069309482371e-07
19161.35,2.1972971496638988e-06
19172.35,3.178161566128042e-07
19183.35,9.12474321796029e-08
19194.35,1.5170153226930226e-06
19205.35,3.306461518758411e-07
19216.35,2.1259231305207373e-06
19227.35,4.819743219189186e-07
19238.35,9.321500476998283e-07
19249.35,1.128997154449934e-06
19260.35,1.299941805980671e-06
19271.35,-2.5985375863848694e-07
19282.35,1.780321456543912e-06
19293.35,2.6872935708384553e-06
